epoch,global_step,step,freq_loss,freq_ppl
0,93,93,3.5177698135375977,33.70916748046875
1,185,185,3.0289838314056396,20.676212310791016
2,277,277,2.880476951599121,17.822771072387695
3,369,369,2.8414905071258545,17.14129638671875
4,461,461,2.8335154056549072,17.00513458251953
