{
  "acc_cls_dialact_id": 1.0,
  "acc_cls_dialact_id_top1": 0.483695652173913,
  "acc_cls_dialact_id_top3": 0.8097826086956522,
  "acc_cls_emotion_id": 1.0,
  "acc_cls_emotion_id_top1": 0.7336956521739131,
  "acc_cls_emotion_id_top3": 0.9021739130434783,
  "acc_cls_er": 1.0,
  "acc_cls_er_top1": 0.842391304347826,
  "acc_cls_ex": 1.0,
  "acc_cls_ex_top1": 0.9836956521739131,
  "acc_cls_in": 1.0,
  "acc_cls_in_top1": 0.9021739130434783,
  "bleu-1": 16.15309763217645,
  "bleu-2": 3.8886487658788536,
  "bleu-3": 1.222191020034889,
  "bleu-4": 0.5050027152250259,
  "dist-1": 14.46004680708793,
  "dist-2": 57.70955501897206,
  "dist-3": 85.23334520840756,
  "f1": 19.873084189207987,
  "f1_macro_cls_dialact_id": 1.0,
  "f1_macro_cls_emotion_id": 1.0,
  "f1_macro_cls_er": 1.0,
  "f1_macro_cls_ex": 1.0,
  "f1_macro_cls_in": 1.0,
  "f1_micro_cls_dialact_id": 1.0,
  "f1_micro_cls_emotion_id": 1.0,
  "f1_micro_cls_er": 1.0,
  "f1_micro_cls_ex": 1.0,
  "f1_micro_cls_in": 1.0,
  "length": 33.51086956521739,
  "perplexity": 23.875385284423828,
  "rouge-l": 13.180728869575626
}